{
	"credit": "andnopo / ehamawy",
	"textures": {
		"1": "block/table/bottom",
		"2": "block/table/west",
		"3": "block/table/top",
		"4": "block/table/east",
		"5": "block/table/south",
		"6": "block/table/north",
		"particle": "block/table/bottom"
	},
	"elements": [
		{
			"from": [-6.05, -2.05, 11.95],
			"to": [10.05, 14.05, 28.05],
			"faces": {
				"north": {"uv": [0, 0, 16, 16], "texture": "#1"},
				"east": {"uv": [0, 0, 16, 16], "texture": "#2"},
				"south": {"uv": [0, 0, 16, 16], "texture": "#3"},
				"west": {"uv": [0, 0, 16, 16], "texture": "#4"},
				"up": {"uv": [0, 0, 16, 16], "texture": "#5"},
				"down": {"uv": [0, 0, 16, 16], "texture": "#6"}
			}
		}
	]
}