{
    "parent": "item/generated",
    "textures": {
        "layer0": "item/iron_nugget"
    },
    "overrides": [
        {"predicate": {"custom_model_data":1}, "model": "item/letters/a"},
		{"predicate": {"custom_model_data":2}, "model": "item/letters/b"},
		{"predicate": {"custom_model_data":3}, "model": "item/letters/c"},
		{"predicate": {"custom_model_data":4}, "model": "item/letters/d"},
		{"predicate": {"custom_model_data":5}, "model": "item/letters/e"},
		{"predicate": {"custom_model_data":6}, "model": "item/letters/f"},
		{"predicate": {"custom_model_data":7}, "model": "item/letters/g"},
		{"predicate": {"custom_model_data":8}, "model": "item/letters/h"},
		{"predicate": {"custom_model_data":9}, "model": "item/letters/i"},
		{"predicate": {"custom_model_data":10}, "model": "item/letters/j"},
		{"predicate": {"custom_model_data":11}, "model": "item/letters/k"},
		{"predicate": {"custom_model_data":12}, "model": "item/letters/l"},
		{"predicate": {"custom_model_data":13}, "model": "item/letters/m"},
		{"predicate": {"custom_model_data":14}, "model": "item/letters/n"},
		{"predicate": {"custom_model_data":15}, "model": "item/letters/o"},
		{"predicate": {"custom_model_data":16}, "model": "item/letters/p"},
		{"predicate": {"custom_model_data":17}, "model": "item/letters/q"},
		{"predicate": {"custom_model_data":18}, "model": "item/letters/r"},
		{"predicate": {"custom_model_data":19}, "model": "item/letters/s"},
		{"predicate": {"custom_model_data":20}, "model": "item/letters/t"},
		{"predicate": {"custom_model_data":21}, "model": "item/letters/u"},
		{"predicate": {"custom_model_data":22}, "model": "item/letters/v"},
		{"predicate": {"custom_model_data":23}, "model": "item/letters/w"},
		{"predicate": {"custom_model_data":24}, "model": "item/letters/x"},
		{"predicate": {"custom_model_data":25}, "model": "item/letters/y"},
		{"predicate": {"custom_model_data":26}, "model": "item/letters/z"},
        {"predicate": {"custom_model_data":27}, "model": "item/diamond_nugget"},
        {"predicate": {"custom_model_data":28}, "model": "item/emerald_nugget"},
        {"predicate": {"custom_model_data":29}, "model": "item/lapis_nugget"},
		{"predicate": {"custom_model_data":30}, "model": "item/stone_nugget"},
		{"predicate": {"custom_model_data":31}, "model": "item/ender_nugget"},
		{"predicate": {"custom_model_data":32}, "model": "item/slime_nugget"},
		{"predicate": {"custom_model_data":33}, "model": "item/fun_baton"},
		{"predicate": {"custom_model_data":34}, "model": "item/redstone_nugget"},
		{"predicate": {"custom_model_data":35}, "model": "item/ruby"},
		{"predicate": {"custom_model_data":36}, "model": "item/quiver"},
		{"predicate": {"custom_model_data":37}, "model": "item/cog"},
		{"predicate": {"custom_model_data":38}, "model": "item/pillow"},
		{"predicate": {"custom_model_data":39}, "model": "item/cog_rotate"},
		{"predicate": {"custom_model_data":40}, "model": "item/cog_rotate2"},
		{"predicate": {"custom_model_data":41}, "model": "item/numbers/1"},
		{"predicate": {"custom_model_data":42}, "model": "item/numbers/2"},
		{"predicate": {"custom_model_data":43}, "model": "item/numbers/3"},
		{"predicate": {"custom_model_data":44}, "model": "item/numbers/4"},
		{"predicate": {"custom_model_data":45}, "model": "item/numbers/5"},
		{"predicate": {"custom_model_data":46}, "model": "item/numbers/6"},
		{"predicate": {"custom_model_data":47}, "model": "item/numbers/7"},
		{"predicate": {"custom_model_data":48}, "model": "item/numbers/8"},
		{"predicate": {"custom_model_data":49}, "model": "item/numbers/9"},
		{"predicate": {"custom_model_data":50}, "model": "item/numbers/0"},
		{"predicate": {"custom_model_data":51}, "model": "item/customnpcs/blood"},
		{"predicate": {"custom_model_data":52}, "model": "item/customnpcs/blood2"},
		{"predicate": {"custom_model_data":53}, "model": "item/customnpcs/blood3"},
		{"predicate": {"custom_model_data":54}, "model": "item/customnpcs/key"},
		{"predicate": {"custom_model_data":55}, "model": "item/customnpcs/key2"},
		{"predicate": {"custom_model_data":56}, "model": "item/customnpcs/mana"},
		{"predicate": {"custom_model_data":57}, "model": "item/customnpcs/skull"},
		{"predicate": {"custom_model_data":58}, "model": "item/customnpcs/usb"},
		{"predicate": {"custom_model_data":59}, "model": "item/customnpcs/blunt_weapon/baseball_bat"},
		{"predicate": {"custom_model_data":60}, "model": "item/customnpcs/blunt_weapon/baton"},
		{"predicate": {"custom_model_data":61}, "model": "item/customnpcs/blunt_weapon/broken_bottle"},
		{"predicate": {"custom_model_data":62}, "model": "item/customnpcs/blunt_weapon/crowbar"},
		{"predicate": {"custom_model_data":63}, "model": "item/customnpcs/blunt_weapon/wrench"},
		{"predicate": {"custom_model_data":64}, "model": "item/customnpcs/coin/bronze_coin"},
		{"predicate": {"custom_model_data":65}, "model": "item/customnpcs/coin/diamond_coin"},
		{"predicate": {"custom_model_data":66}, "model": "item/customnpcs/coin/emerald_coin"},
		{"predicate": {"custom_model_data":67}, "model": "item/customnpcs/coin/gold_coin"},
		{"predicate": {"custom_model_data":68}, "model": "item/customnpcs/coin/iron_coin"},
		{"predicate": {"custom_model_data":69}, "model": "item/customnpcs/coin/money"},
		{"predicate": {"custom_model_data":70}, "model": "item/customnpcs/coin/stone_coin"},
		{"predicate": {"custom_model_data":71}, "model": "item/customnpcs/coin/wooden_coin"},
		{"predicate": {"custom_model_data":72}, "model": "item/hamming_table"},
		{"predicate": {"custom_model_data":73}, "model": "item/customnpcs/blunt_weapon/golf_club"},
		{"predicate": {"custom_model_data":74}, "model": "item/customnpcs/blunt_weapon/hammer"},
		{"predicate": {"custom_model_data":75}, "model": "item/customnpcs/blunt_weapon/hockey_stick"},
		{"predicate": {"custom_model_data":76}, "model": "item/customnpcs/blunt_weapon/lead_pipe"},
		{"predicate": {"custom_model_data":77}, "model": "item/customnpcs/blunt_weapon/pipe_wrench"},
		{"predicate": {"custom_model_data":98}, "model": "item/gui/hamming_table_lower"},
		{"predicate": {"custom_model_data":99}, "model": "item/gui/hamming_table_upper"}
    ]
}
