{
    "parent": "item/handheld",
    "textures": {
        "layer0": "item/iron_axe"
    },
	"overrides": [
        {"predicate": {"custom_model_data":1}, "model": "item/customnpcs/battleaxe/bronze_battleaxe"},
		{"predicate": {"custom_model_data":2}, "model": "item/customnpcs/battleaxe/demonic_battleaxe"},
		{"predicate": {"custom_model_data":3}, "model": "item/customnpcs/battleaxe/diamond_battleaxe"},
		{"predicate": {"custom_model_data":4}, "model": "item/customnpcs/battleaxe/emerald_battleaxe"},
		{"predicate": {"custom_model_data":5}, "model": "item/customnpcs/battleaxe/frost_battleaxe"},
		{"predicate": {"custom_model_data":6}, "model": "item/customnpcs/battleaxe/golden_battleaxe"},
		{"predicate": {"custom_model_data":7}, "model": "item/customnpcs/battleaxe/iron_battleaxe"},
		{"predicate": {"custom_model_data":8}, "model": "item/customnpcs/battleaxe/mithril_battleaxe"},
		{"predicate": {"custom_model_data":9}, "model": "item/customnpcs/battleaxe/stone_battleaxe"},
		{"predicate": {"custom_model_data":10}, "model": "item/customnpcs/battleaxe/wooden_battleaxe"}
		]
}
