{
    "parent": "item/handheld",
    "textures": {
        "layer0": "item/iron_sword"
    },
	"overrides": [
        {"predicate": {"custom_model_data":1}, "model": "item/customnpcs/sword/cleaver"},
		{"predicate": {"custom_model_data":2}, "model": "item/customnpcs/sword/combat_knife"},
		{"predicate": {"custom_model_data":3}, "model": "item/customnpcs/sword/excalibur"},
		{"predicate": {"custom_model_data":4}, "model": "item/customnpcs/sword/katana"},
		{"predicate": {"custom_model_data":5}, "model": "item/customnpcs/sword/katar"},
		{"predicate": {"custom_model_data":6}, "model": "item/customnpcs/sword/kukri"},
		{"predicate": {"custom_model_data":7}, "model": "item/customnpcs/sword/leaf_blade"},
		{"predicate": {"custom_model_data":8}, "model": "item/customnpcs/sword/macuahuitl"},
		{"predicate": {"custom_model_data":9}, "model": "item/customnpcs/sword/rapier"},
		{"predicate": {"custom_model_data":10}, "model": "item/customnpcs/sword/saber"},
		{"predicate": {"custom_model_data":11}, "model": "item/customnpcs/sword/sai"},
		{"predicate": {"custom_model_data":12}, "model": "item/customnpcs/sword/steel_claw"},
		{"predicate": {"custom_model_data":13}, "model": "item/customnpcs/sword/broadsword/bronze_broadsword"},
		{"predicate": {"custom_model_data":14}, "model": "item/customnpcs/sword/broadsword/demonic_broadsword"},
		{"predicate": {"custom_model_data":15}, "model": "item/customnpcs/sword/broadsword/diamond_broadsword"},
		{"predicate": {"custom_model_data":16}, "model": "item/customnpcs/sword/broadsword/emerald_broadsword"},
		{"predicate": {"custom_model_data":17}, "model": "item/customnpcs/sword/broadsword/frost_broadsword"},
		{"predicate": {"custom_model_data":18}, "model": "item/customnpcs/sword/broadsword/golden_broadsword"},
		{"predicate": {"custom_model_data":19}, "model": "item/customnpcs/sword/broadsword/iron_broadsword"},
		{"predicate": {"custom_model_data":20}, "model": "item/customnpcs/sword/broadsword/mithril_broadsword"},
		{"predicate": {"custom_model_data":21}, "model": "item/customnpcs/sword/broadsword/stone_broadsword"},
		{"predicate": {"custom_model_data":22}, "model": "item/customnpcs/sword/broadsword/wooden_broadsword"},
		{"predicate": {"custom_model_data":23}, "model": "item/customnpcs/sword/dagger/bronze_dagger"},
		{"predicate": {"custom_model_data":24}, "model": "item/customnpcs/sword/dagger/demonic_dagger"},
		{"predicate": {"custom_model_data":25}, "model": "item/customnpcs/sword/dagger/diamond_dagger"},
		{"predicate": {"custom_model_data":26}, "model": "item/customnpcs/sword/dagger/emerald_dagger"},
		{"predicate": {"custom_model_data":27}, "model": "item/customnpcs/sword/dagger/frost_dagger"},
		{"predicate": {"custom_model_data":28}, "model": "item/customnpcs/sword/dagger/golden_dagger"},
		{"predicate": {"custom_model_data":29}, "model": "item/customnpcs/sword/dagger/iron_dagger"},
		{"predicate": {"custom_model_data":30}, "model": "item/customnpcs/sword/dagger/mithril_dagger"},
		{"predicate": {"custom_model_data":31}, "model": "item/customnpcs/sword/dagger/stone_dagger"},
		{"predicate": {"custom_model_data":32}, "model": "item/customnpcs/sword/dagger/wooden_dagger"},
		{"predicate": {"custom_model_data":33}, "model": "item/customnpcs/sword/glaive/bronze_glaive"},
		{"predicate": {"custom_model_data":34}, "model": "item/customnpcs/sword/glaive/demonic_glaive"},
		{"predicate": {"custom_model_data":35}, "model": "item/customnpcs/sword/glaive/diamond_glaive"},
		{"predicate": {"custom_model_data":36}, "model": "item/customnpcs/sword/glaive/emerald_glaive"},
		{"predicate": {"custom_model_data":37}, "model": "item/customnpcs/sword/glaive/frost_glaive"},
		{"predicate": {"custom_model_data":38}, "model": "item/customnpcs/sword/glaive/golden_glaive"},
		{"predicate": {"custom_model_data":39}, "model": "item/customnpcs/sword/glaive/iron_glaive"},
		{"predicate": {"custom_model_data":40}, "model": "item/customnpcs/sword/glaive/mithril_glaive"},
		{"predicate": {"custom_model_data":41}, "model": "item/customnpcs/sword/glaive/stone_glaive"},
		{"predicate": {"custom_model_data":42}, "model": "item/customnpcs/sword/glaive/wooden_glaive"},
		{"predicate": {"custom_model_data":43}, "model": "item/customnpcs/sword/mace/bronze_mace"},
		{"predicate": {"custom_model_data":44}, "model": "item/customnpcs/sword/mace/demonic_mace"},
		{"predicate": {"custom_model_data":45}, "model": "item/customnpcs/sword/mace/diamond_mace"},
		{"predicate": {"custom_model_data":46}, "model": "item/customnpcs/sword/mace/emerald_mace"},
		{"predicate": {"custom_model_data":47}, "model": "item/customnpcs/sword/mace/frost_mace"},
		{"predicate": {"custom_model_data":48}, "model": "item/customnpcs/sword/mace/golden_mace"},
		{"predicate": {"custom_model_data":49}, "model": "item/customnpcs/sword/mace/iron_mace"},
		{"predicate": {"custom_model_data":50}, "model": "item/customnpcs/sword/mace/mithril_mace"},
		{"predicate": {"custom_model_data":51}, "model": "item/customnpcs/sword/mace/stone_mace"},
		{"predicate": {"custom_model_data":52}, "model": "item/customnpcs/sword/mace/wooden_mace"},
		{"predicate": {"custom_model_data":53}, "model": "item/customnpcs/sword/scythe/bronze_scythe"},
		{"predicate": {"custom_model_data":54}, "model": "item/customnpcs/sword/scythe/demonic_scythe"},
		{"predicate": {"custom_model_data":55}, "model": "item/customnpcs/sword/scythe/diamond_scythe"},
		{"predicate": {"custom_model_data":56}, "model": "item/customnpcs/sword/scythe/emerald_scythe"},
		{"predicate": {"custom_model_data":57}, "model": "item/customnpcs/sword/scythe/frost_scythe"},
		{"predicate": {"custom_model_data":58}, "model": "item/customnpcs/sword/scythe/golden_scythe"},
		{"predicate": {"custom_model_data":59}, "model": "item/customnpcs/sword/scythe/iron_scythe"},
		{"predicate": {"custom_model_data":60}, "model": "item/customnpcs/sword/scythe/mithril_scythe"},
		{"predicate": {"custom_model_data":61}, "model": "item/customnpcs/sword/scythe/stone_scythe"},
		{"predicate": {"custom_model_data":62}, "model": "item/customnpcs/sword/scythe/wooden_scythe"},
		{"predicate": {"custom_model_data":63}, "model": "item/customnpcs/sword/spear/bronze_spear"},
		{"predicate": {"custom_model_data":64}, "model": "item/customnpcs/sword/spear/demonic_spear"},
		{"predicate": {"custom_model_data":65}, "model": "item/customnpcs/sword/spear/diamond_spear"},
		{"predicate": {"custom_model_data":66}, "model": "item/customnpcs/sword/spear/emerald_spear"},
		{"predicate": {"custom_model_data":67}, "model": "item/customnpcs/sword/spear/frost_spear"},
		{"predicate": {"custom_model_data":68}, "model": "item/customnpcs/sword/spear/golden_spear"},
		{"predicate": {"custom_model_data":69}, "model": "item/customnpcs/sword/spear/iron_spear"},
		{"predicate": {"custom_model_data":70}, "model": "item/customnpcs/sword/spear/mithril_spear"},
		{"predicate": {"custom_model_data":71}, "model": "item/customnpcs/sword/spear/stone_spear"},
		{"predicate": {"custom_model_data":72}, "model": "item/customnpcs/sword/spear/wooden_spear"},
		{"predicate": {"custom_model_data":73}, "model": "item/customnpcs/sword/sword/bronze_sword"},
		{"predicate": {"custom_model_data":74}, "model": "item/customnpcs/sword/sword/chicken_sword"},
		{"predicate": {"custom_model_data":75}, "model": "item/customnpcs/sword/sword/demonic_sword"},
		{"predicate": {"custom_model_data":76}, "model": "item/customnpcs/sword/sword/emerald_sword"},
		{"predicate": {"custom_model_data":77}, "model": "item/customnpcs/sword/sword/frost_sword"},
		{"predicate": {"custom_model_data":78}, "model": "item/customnpcs/sword/sword/mithril_sword"},
		{"predicate": {"custom_model_data":79}, "model": "item/customnpcs/sword/sword/missing_sword"},
		{"predicate": {"custom_model_data":80}, "model": "item/customnpcs/sword/warhammer/bronze_warhammer"},
		{"predicate": {"custom_model_data":81}, "model": "item/customnpcs/sword/warhammer/demonic_warhammer"},
		{"predicate": {"custom_model_data":82}, "model": "item/customnpcs/sword/warhammer/diamond_warhammer"},
		{"predicate": {"custom_model_data":83}, "model": "item/customnpcs/sword/warhammer/emerald_warhammer"},
		{"predicate": {"custom_model_data":84}, "model": "item/customnpcs/sword/warhammer/frost_warhammer"},
		{"predicate": {"custom_model_data":85}, "model": "item/customnpcs/sword/warhammer/golden_warhammer"},
		{"predicate": {"custom_model_data":86}, "model": "item/customnpcs/sword/warhammer/iron_warhammer"},
		{"predicate": {"custom_model_data":87}, "model": "item/customnpcs/sword/warhammer/mithril_warhammer"},
		{"predicate": {"custom_model_data":88}, "model": "item/customnpcs/sword/warhammer/stone_warhammer"},
		{"predicate": {"custom_model_data":89}, "model": "item/customnpcs/sword/warhammer/wooden_warhammer"}
		]
}
