{
	"credit": "Oof",
	"textures": {
		"1": "block/tooble_side1",
		"2": "block/tooble_side2",
		"3": "block/tooble_top",
		"4": "block/tooble_bottom",
		"5": "block/tooble_side1_east",
		"6": "block/tooble_side2_west",
		"7": "block/tooble_side2_up",
		"particle": "block/tooble_bottom"
	},
	"elements": [
		{
			"from": [-6.05, -2.05, 11.95],
			"to": [10.05, 14.05, 28.05],
			"faces": {
				"north": {"uv": [0, 0, 16, 16], "texture": "#4"},
				"east": {"uv": [0, 0, 16, 16], "texture": "#5"},
				"south": {"uv": [0, 0, 16, 16], "texture": "#3"},
				"west": {"uv": [0, 0, 16, 16], "texture": "#6"},
				"up": {"uv": [0, 0, 16, 16], "texture": "#7"},
				"down": {"uv": [0, 0, 16, 16], "texture": "#1"}
			}
		}
	]
}