{
	"credit": "Made with Blockbench",
	"textures": {
		"0": "block/tooble",
		"particle": "block/tooble"
	},
	"elements": [
		{
			"from": [-6.05, -2.05, 11.95],
			"to": [10.05, 14.05, 28.05],
			"faces": {
				"north": {"uv": [0, 0, 16, 16], "texture": "#0"},
				"east": {"uv": [0, 0, 16, 16], "texture": "#0"},
				"south": {"uv": [0, 0, 16, 16], "texture": "#0"},
				"west": {"uv": [0, 0, 16, 16], "texture": "#0"},
				"up": {"uv": [0, 0, 16, 16], "texture": "#0"},
				"down": {"uv": [0, 0, 16, 16], "texture": "#0"}
			}
		}
	]
}